dog_id,group,breed,sex,age,weight,hydration,tewl,skin_score,itch_score
S001,control,Maltese,M,2,3.3,32.0,18.2,7,5
S002,control,Maltese,F,4,2.7,33.9,23.0,2,7
S003,control,Bichon Frise,M,3,6.5,29.4,14.2,7,7
S004,control,Pomeranian,M,4,3.5,30.3,20.4,6,7
S005,control,Jindo,M,8,20.7,31.7,21.3,6,8
S006,control,Pomeranian,F,4,3.6,33.8,21.8,4,6
S007,control,Bichon Frise,M,4,6.6,34.1,13.5,7,4
S008,control,Bichon Frise,F,6,7.6,22.2,29.3,4,8
S009,control,Jindo,F,6,21.1,25.5,23.4,4,6
S010,control,Jindo,M,14,12.4,39.3,11.8,7,4
S011,control,Pomeranian,M,8,2.6,29.4,20.9,7,7
S012,control,Jindo,F,8,17.0,30.7,14.4,6,6
S013,control,Poodle,M,10,4.1,28.6,20.1,5,6
S014,control,Jindo,M,9,22.3,19.5,25.5,3,7
S015,control,Golden Retriever,F,6,30.5,32.7,17.6,6,7
S016,control,Poodle,M,9,3.3,29.3,25.4,3,7
S017,control,Poodle,M,4,4.0,38.9,12.2,9,4
S018,control,Shih Tzu,F,2,6.6,31.5,18.6,6,6
S019,control,Poodle,M,4,5.1,30.1,25.3,5,7
S020,control,Pomeranian,M,7,2.8,33.9,18.3,5,5
S021,control,Poodle,M,4,3.9,35.0,20.7,7,5
S022,control,Poodle,F,9,3.9,32.5,22.9,3,6
S023,control,Maltese,M,12,2.9,22.0,21.6,4,6
S024,control,Poodle,M,5,4.2,42.1,14.8,7,3
S025,control,Shih Tzu,F,7,7.0,24.4,34.5,3,9
S026,control,Jindo,F,6,17.6,32.3,23.9,4,10
S027,control,Pomeranian,F,4,2.9,32.0,22.5,5,6
S028,control,Poodle,F,10,4.5,30.7,16.6,4,6
S029,control,Maltese,M,5,3.7,25.2,21.6,6,7
S030,control,Poodle,M,9,3.2,36.6,15.6,6,5
S031,control,Poodle,M,4,4.1,22.9,12.4,3,6
S032,control,Pomeranian,M,6,2.3,30.8,18.1,6,4
S033,control,Poodle,M,12,3.8,18.8,28.4,2,7
S034,control,Poodle,F,5,3.8,43.3,23.9,5,5
S035,control,Bichon Frise,M,7,5.7,27.0,26.6,5,8
S036,control,Maltese,F,14,2.9,39.8,18.3,4,6
S037,control,Poodle,F,8,3.7,26.7,32.2,2,8
S038,control,Shih Tzu,M,2,5.5,38.6,16.4,4,4
S039,control,Golden Retriever,M,8,27.5,29.2,20.3,5,5
S040,control,Pomeranian,M,6,2.7,33.6,19.7,5,7
S041,control,Poodle,M,3,4.4,32.7,13.5,6,7
S042,control,Shih Tzu,M,10,5.9,29.2,17.5,5,6
S043,control,Maltese,M,7,3.2,19.9,36.4,3,8
S044,control,Shih Tzu,F,12,4.8,31.6,20.9,5,6
S045,control,Bichon Frise,M,12,7.0,31.8,14.2,4,3
S046,control,Poodle,F,5,4.5,34.1,23.2,6,7
S047,control,Pomeranian,F,2,3.0,19.7,31.9,4,8
S048,control,Maltese,M,8,3.5,40.8,13.8,7,4
S049,control,Maltese,M,4,3.6,33.3,17.1,6,6
S050,control,Bichon Frise,M,10,6.8,35.4,15.9,8,6
S051,treatment,Poodle,F,6,3.5,40.7,15.4,9,1
S052,treatment,Poodle,F,14,4.4,34.8,15.5,8,4
S053,treatment,Maltese,M,6,3.5,38.4,17.0,6,4
S054,treatment,Maltese,F,11,3.7,38.1,21.8,7,5
S055,treatment,Shih Tzu,M,9,5.4,24.7,20.2,5,7
S056,treatment,Mixed,F,11,8.1,38.2,16.8,5,5
S057,treatment,Poodle,F,7,4.6,35.9,18.7,7,6
S058,treatment,Maltese,M,2,3.0,41.0,13.4,9,4
S059,treatment,Poodle,M,8,4.6,28.5,21.8,5,5
S060,treatment,Shih Tzu,F,6,6.1,30.8,30.8,4,6
S061,treatment,Bichon Frise,M,8,6.3,41.3,15.0,6,4
S062,treatment,Bichon Frise,M,4,6.2,45.2,9.3,8,2
S063,treatment,Golden Retriever,M,5,31.3,19.1,23.8,5,7
S064,treatment,Poodle,F,6,3.8,33.5,17.3,5,4
S065,treatment,Mixed,F,5,8.0,40.6,11.4,7,5
S066,treatment,Golden Retriever,F,2,35.3,32.9,31.7,4,6
S067,treatment,Jindo,M,5,17.6,33.8,20.9,7,6
S068,treatment,Poodle,M,8,4.1,42.8,19.5,5,6
S069,treatment,Jindo,M,10,16.5,25.8,21.7,6,7
S070,treatment,Mixed,F,4,8.2,41.8,12.2,8,3
S071,treatment,Poodle,F,10,3.5,42.8,14.9,7,2
S072,treatment,Shih Tzu,F,6,5.8,23.5,26.9,3,7
S073,treatment,Mixed,M,7,10.3,35.1,17.0,7,3
S074,treatment,Poodle,M,9,3.6,18.2,20.9,4,7
S075,treatment,Poodle,M,4,3.6,52.8,7.7,8,2
S076,treatment,Jindo,F,3,19.2,29.6,21.4,4,5
S077,treatment,Shih Tzu,M,4,5.5,41.7,16.8,6,3
S078,treatment,Pomeranian,F,3,3.3,37.5,15.7,8,5
S079,treatment,Poodle,M,1,3.4,35.3,14.6,6,3
S080,treatment,Poodle,F,4,4.5,29.4,18.1,8,6
S081,treatment,Poodle,M,4,3.7,40.2,10.7,7,4
S082,treatment,Shih Tzu,M,4,6.4,41.2,17.5,7,4
S083,treatment,Maltese,F,6,3.3,33.2,17.7,7,3
S084,treatment,Poodle,M,5,3.5,24.9,22.3,6,7
S085,treatment,Golden Retriever,F,10,31.5,31.0,17.2,6,5
S086,treatment,Poodle,M,11,5.1,28.5,18.7,5,6
S087,treatment,Pomeranian,F,7,2.9,27.7,19.6,4,6
S088,treatment,Poodle,M,3,4.1,38.2,10.2,7,3
S089,treatment,Pomeranian,M,7,3.2,49.4,11.3,9,2
S090,treatment,Jindo,F,7,19.3,29.3,17.4,8,5
S091,treatment,Jindo,F,4,14.7,32.7,18.4,4,4
S092,treatment,Poodle,F,10,3.0,39.3,19.2,7,7
S093,treatment,Shih Tzu,F,5,7.5,34.4,15.8,6,3
S094,treatment,Pomeranian,M,4,2.9,35.8,11.9,7,4
S095,treatment,Jindo,M,4,17.7,42.8,12.8,10,5
S096,treatment,Shih Tzu,M,6,7.2,31.2,21.1,6,5
S097,treatment,Pomeranian,F,4,3.2,42.4,15.3,7,3
S098,treatment,Pomeranian,M,2,3.3,25.3,24.3,3,5
S099,treatment,Mixed,M,14,9.1,32.9,16.3,7,6
S100,treatment,Bichon Frise,M,5,6.7,28.1,27.9,5,4
