dog_id,breed,sex,age,weight,hydration_pre,hydration_post,tewl_pre,tewl_post,skin_score_pre,skin_score_post,itch_score_pre,itch_score_post
D01,Maltese,M,2,3.3,40.4,40.9,12.0,12.4,8,9,5,6
D02,Bichon Frise,F,14,6.9,39.2,42.9,22.3,19.4,5,6,5,2
D03,Pomeranian,M,9,2.8,31.4,37.4,20.7,17.3,7,8,6,4
D04,Pomeranian,M,5,3.5,34.6,43.8,15.4,15.6,6,7,5,4
D05,Poodle,M,10,3.6,27.6,34.7,24.0,24.4,5,7,5,4
D06,Golden Retriever,M,11,22.8,29.0,33.8,15.7,12.5,6,6,5,1
D07,Mixed,F,6,9.4,32.7,33.9,17.0,16.9,5,5,5,5
D08,Maltese,M,7,3.0,37.5,45.0,13.5,10.3,6,7,4,3
D09,Bichon Frise,F,4,6.5,31.5,36.4,17.2,13.5,8,9,5,5
D10,Poodle,M,3,4.9,35.5,48.9,32.5,25.0,5,7,7,7
D11,Mixed,M,7,9.1,37.0,44.9,24.7,18.5,7,9,6,5
D12,Mixed,F,2,8.6,22.0,26.0,34.2,28.1,4,6,8,7
D13,Bichon Frise,F,6,7.3,23.3,23.3,24.9,21.0,1,2,9,8
D14,Golden Retriever,F,4,26.5,17.0,18.7,31.0,32.5,4,3,8,8
D15,Shih Tzu,F,3,6.5,29.0,30.6,41.6,34.7,1,1,9,9
D16,Jindo,M,2,20.4,40.0,44.9,14.5,13.4,7,8,4,3
D17,Pomeranian,F,9,3.3,27.3,33.2,24.2,18.8,4,6,7,6
D18,Poodle,M,11,3.9,26.4,29.3,17.8,19.0,4,3,8,6
D19,Poodle,M,5,2.2,29.4,34.4,19.3,15.9,4,6,7,8
D20,Poodle,F,7,4.3,16.8,14.6,24.4,24.2,2,1,8,9
D21,Shih Tzu,F,4,6.1,18.4,26.6,53.2,49.6,1,1,9,8
D22,Pomeranian,F,6,2.9,21.4,21.4,27.8,20.5,2,5,7,3
D23,Bichon Frise,F,5,7.1,28.7,30.7,26.8,18.5,3,6,6,4
D24,Maltese,M,3,3.3,32.9,44.2,14.6,13.2,7,8,4,1
D25,Pomeranian,F,9,3.1,39.2,45.4,11.6,10.7,8,9,4,4
D26,Pomeranian,M,9,2.5,26.0,33.1,24.6,14.6,4,4,5,5
D27,Poodle,M,4,3.3,31.5,38.9,17.5,12.1,6,9,6,5
D28,Shih Tzu,M,8,6.3,48.5,52.1,12.0,9.0,8,10,4,3
D29,Pomeranian,M,6,3.0,33.8,32.3,19.6,22.6,4,3,4,4
D30,Poodle,F,5,4.1,29.3,35.3,22.3,20.2,3,7,6,4
D31,Poodle,M,1,4.1,25.5,22.9,24.5,29.5,4,5,7,4
D32,Jindo,F,8,18.9,26.4,33.1,16.9,13.5,3,5,3,1
D33,Golden Retriever,M,4,29.1,35.7,47.1,15.7,9.8,5,8,6,3
D34,Shih Tzu,M,8,6.1,36.4,46.3,20.1,13.7,4,5,6,5
D35,Poodle,M,3,4.1,29.4,42.8,26.0,17.8,4,6,7,5
D36,Mixed,M,11,8.9,42.5,55.2,11.2,8.3,6,9,4,2
D37,Shih Tzu,F,6,5.6,25.4,28.7,21.9,24.1,4,4,5,4
D38,Pomeranian,F,3,3.3,12.0,23.4,33.6,21.9,2,5,9,8
D39,Mixed,F,11,8.6,23.3,27.3,23.8,21.1,3,5,5,6
D40,Poodle,M,5,4.1,33.0,32.4,12.5,13.0,7,8,5,6
D41,Bichon Frise,M,3,6.1,28.4,38.9,29.0,20.7,8,10,5,3
D42,Poodle,F,5,4.2,41.3,44.6,13.8,18.2,8,9,3,3
D43,Poodle,F,8,4.4,35.4,44.6,10.6,10.3,5,5,4,3
D44,Bichon Frise,M,4,5.7,26.4,31.7,16.8,13.8,4,8,8,6
D45,Poodle,M,7,4.0,30.4,43.2,19.8,16.2,7,9,6,3
D46,Pomeranian,F,7,3.0,30.5,32.6,22.0,18.5,6,7,5,4
D47,Shih Tzu,F,9,5.5,36.8,41.8,12.3,9.7,9,10,2,3
D48,Poodle,F,14,3.7,36.7,45.9,9.6,8.1,8,10,5,3
D49,Golden Retriever,F,8,23.6,32.7,35.1,16.3,18.3,6,5,6,6
D50,Shih Tzu,F,3,5.2,27.4,32.6,20.6,18.3,6,7,6,4
